"CD0001","Maitilde","Arnholtz","marnholtz0@census.gov","781-437-0202","32 Mariners Cove Drive","Female","1968-11-18","2020-04-12","K9A 3S1"
"CD0002","Tamarra","Bridewell","tbridewell1@tamu.edu","131-119-5300","89 Burning Wood Junction","Female","2002-02-18","2020-04-25","J0B 5H4"
"CD0003","Aggi","Fearey","afearey2@stanford.edu","365-718-2859","3748 Dryden Terrace","Female","2002-06-30","2020-06-30","T9W 5Y3"
"CD0004","Jaimie","Hanster","jhanster3@cnbc.com","321-723-9654","4644 La Follette Terrace","Male","1969-05-04","2018-05-12","N4N 2T2"
"CD0005","Andres","Newcomb","anewcomb4@unesco.org","511-439-1039","42135 Independence Place","Male","1982-06-29","2017-04-19","T7S 3B2"
"CD0006","Vinnie","Brownhill","vbrownhill5@godaddy.com","410-447-2896","76 Thierer Avenue","Male","2013-04-06","2018-03-03","T4V 2Y4"
"CD0007","Yelena","Triggs","ytriggs6@wikia.com","861-823-8373","259 Carioca Junction","Female","2016-10-30","2019-01-11","E5V 3N2"
"CD0008","Karol","Gerbi","kgerbi7@goodreads.com","579-886-2889","2 Truax Avenue","Female","1989-02-17","2017-01-13","R5G 0A2"
"CD0009","Florentia","McPhee","fmcphee8@mysql.com","771-748-3418","33463 Upham Lane","Female","2020-05-01","2019-09-21","E8B 0S8"
"CD0010","Prince","Brewster","pbrewster9@ted.com","690-761-1832","56882 Village Center","Male","2005-10-18","2018-03-06","K7C 8K4"
"CD0011","Sidonnie","Milroy","smilroya@goodreads.com","628-112-3820","712 Oak Hill","Female","1991-09-29","2017-07-03","H9S 2P6"
"CD0012","Tally","Ullrich","tullrichb@vk.com","415-509-7505","26 Gulseth Point","Male","1967-12-29","2017-06-07","K4R 3L3"
"CD0013","Rik","Heppenspall","rheppenspallc@nsw.gov.au","179-711-7905","310 Westend Place","Male","2006-06-14","2016-10-06","E7E 0V8"
"CD0014","Jeannine","Lanchbery","jlanchberyd@i2i.jp","709-783-2705","15324 Bluestem Trail","Female","2011-08-26","2017-03-12","S9V 7E0"
"CD0015","Jefferson","Ferrige","jferrigee@google.cn","295-643-4990","15219 Holy Cross Terrace","Male","2017-05-18","2018-11-11","T8S 5P0"
"CD0016","Carlene","Duxbarry","cduxbarryf@behance.net","783-320-8713","9603 Kim Avenue","Female","1978-09-10","2019-05-18","V2G 8H8"
"CD0017","Tobi","Sollon","tsollong@abc.net.au","140-415-6843","5 Westridge Crossing","Female","1973-02-21","2016-05-18","B1E 8K8"
"CD0018","Darell","Legendre","dlegendreh@webeden.co.uk","168-482-8859","261 Susan Street","Female","1986-01-02","2018-02-15","T1G 1J6"
"CD0019","Nara","Girk","ngirki@craigslist.org","114-570-8533","3 Jenna Court","Female","2018-04-16","2017-01-30","E8E 5H2"
"CD0020","Sibbie","Allwell","sallwellj@joomla.org","805-463-5067","3708 Independence Avenue","Female","2001-03-28","2020-05-29","B0P 3V1"
"CD0021","Hartwell","Littlejohn","hlittlejohnk@aol.com","786-875-4448","39 Twin Pines Road","Male","2008-11-16","2019-07-01","L4A 3A5"
"CD0022","Gregorio","Wetherill","gwetherilll@cmu.edu","760-257-5360","00 Fordem Terrace","Male","1990-06-21","2018-10-11","N5H 0P4"
"CD0023","Sibby","Fosher","sfosherm@google.nl","359-813-8037","2 Hollow Ridge Lane","Female","1999-01-14","2020-04-08","T4E 4E0"
"CD0024","Keelia","Meachem","kmeachemn@wired.com","326-110-3246","5620 Oakridge Plaza","Female","1993-07-28","2018-06-01","E4N 6P1"
"CD0025","Durant","Griffiths","dgriffithso@shareasale.com","656-525-4777","2920 Maple Wood Terrace","Male","1965-05-18","2016-07-16","X0A 7R7"
"CD0026","Cherish","Mowbray","cmowbrayp@flavors.me","183-371-4635","41807 Kipling Point","Female","1994-01-03","2016-08-18","X1A 9M0"
"CD0027","Mirna","Questier","mquestierq@altervista.org","487-811-0177","48451 Esch Plaza","Female","1974-01-18","2017-05-31","T5A 6L6"
"CD0028","Ugo","Hanner","uhannerr@gnu.org","279-465-4032","870 Killdeer Court","Male","1977-06-14","2019-01-21","G7P 3R6"
"CD0029","Mechelle","Acock","macocks@washington.edu","676-912-9467","3659 Paget Road","Female","1969-01-04","2020-03-20","N4G 6Y7"
"CD0030","Walden","Franzoli","wfranzolit@berkeley.edu","780-667-2904","778 Utah Way","Male","1989-07-10","2016-06-02","C1B 3P4"
"CD0031","Janek","Gerish","jgerishu@chicagotribune.com","761-168-1883","4 Magdeline Hill","Male","2006-11-26","2019-07-07","G0M 0R9"
"CD0032","Wallace","Houtbie","whoutbiev@cdc.gov","350-996-5355","0449 Stephen Avenue","Male","2010-05-30","2019-10-10","E8C 1R9"
"CD0033","Stanford","Ternault","sternaultw@hubpages.com","688-780-4107","6 Village Pass","Male","2006-09-02","2016-05-24","G0E 9A0"
"CD0034","Corissa","Lyburn","clyburnx@theglobeandmail.com","811-536-1661","9644 Swallow Plaza","Female","2000-06-20","2016-02-05","G5T 5T0"
"CD0035","Jock","Chasier","jchasiery@dyndns.org","400-208-6687","9352 Eastlawn Place","Male","1971-02-16","2019-06-15","B0T 0M8"
"CD0036","Rad","Compford","rcompfordz@cdbaby.com","985-459-8733","7179 Victoria Way","Male","1979-09-22","2020-01-13","T9W 2M0"
"CD0037","Leela","Shieber","lshieber10@weebly.com","190-413-8564","25847 Hagan Hill","Female","2006-03-23","2019-01-09","J9Z 1X6"
"CD0038","Elliott","Le Grys","elegrys11@photobucket.com","556-186-6648","87344 Grover Street","Male","1993-07-01","2017-11-29","H3C 6B6"
"CD0039","Jae","Mathivon","jmathivon12@mediafire.com","495-694-8182","0623 Larry Park","Male","1967-02-02","2016-10-04","G3G 6Y5"
"CD0040","Maurita","Ambrois","mambrois13@va.gov","429-269-1904","3 Harbort Junction","Female","2008-08-19","2017-09-04","J5W 8Y9"
"CD0041","Meredithe","Rigmond","mrigmond14@nifty.com","572-865-8068","67610 Annamark Road","Female","2002-08-28","2017-12-22","B3E 7Y4"
"CD0042","Kati","Delhanty","kdelhanty15@columbia.edu","192-635-0578","4 Thompson Plaza","Female","2017-05-21","2019-01-04","N1A 8Y9"
"CD0043","Cindie","Abdee","cabdee16@jigsy.com","207-245-5991","9560 Havey Pass","Female","1988-01-29","2020-06-25","C0A 8C7"
"CD0044","Carney","Shemmans","cshemmans17@go.com","555-602-8671","04 Delaware Trail","Male","1991-11-25","2016-11-26","G5R 0L8"
"CD0045","Jo-anne","Dullingham","jdullingham18@gov.uk","112-934-2330","25 Oak Avenue","Female","2007-06-01","2018-08-23","N1A 6A8"
"CD0046","Neel","Ponte","nponte19@weebly.com","587-147-0775","94887 Jana Pass","Male","2007-04-16","2019-10-02","J0W 1B6"
"CD0047","Andres","Tidmarsh","atidmarsh1a@engadget.com","549-857-1658","090 Brickson Park Terrace","Male","2001-03-20","2016-04-20","N4N 6S1"
"CD0048","Weber","Empson","wempson1b@123-reg.co.uk","580-975-7824","25159 Jenifer Hill","Male","1984-07-13","2017-02-25","V9P 0G8"
"CD0049","Rois","Chrystie","rchrystie1c@pbs.org","506-162-6289","136 High Crossing Road","Female","1975-04-08","2018-10-19","L7G 4S7"
"CD0050","Jorie","Fearfull","jfearfull1d@hc360.com","411-255-3806","7671 Butterfield Trail","Female","2008-11-15","2017-03-25","A1X 8X9"
"CD0051","Roshelle","Shah","rshah1e@pbs.org","241-680-9321","06901 Merchant Hill","Female","1986-08-30","2018-10-30","G0M 3A5"
"CD0052","Anselma","Treslove","atreslove1f@rakuten.co.jp","271-696-5191","29 Hoard Avenue","Female","2009-11-02","2016-05-10","E5V 7S3"
"CD0053","Jermain","Meachem","jmeachem1g@psu.edu","372-396-7752","702 Wayridge Plaza","Male","2003-01-09","2017-11-10","H3E 3J1"
"CD0054","Ania","Tibbetts","atibbetts1h@senate.gov","187-173-0859","35294 School Park","Female","1969-10-08","2016-09-14","L7C 0R9"
"CD0055","Rowan","Seawell","rseawell1i@ifeng.com","336-565-2055","88759 Scofield Plaza","Male","2013-07-30","2018-06-25","H7A 5R0"
"CD0056","Ernst","Baggally","ebaggally1j@yahoo.co.jp","561-799-3289","0 Esker Crossing","Male","1996-01-03","2019-11-23","K6A 6H7"
"CD0057","Kimmi","Peddie","kpeddie1k@opera.com","510-621-6579","872 Linden Junction","Female","2000-12-13","2020-04-18","E6B 2B0"
"CD0058","Winston","Zolini","wzolini1l@mapy.cz","570-741-3801","2 Oriole Circle","Male","2003-06-13","2018-12-04","T9N 4Y0"
"CD0059","Mordy","Furminger","mfurminger1m@hostgator.com","224-616-5302","757 Rusk Road","Male","1992-04-28","2020-07-13","L7G 4J5"
"CD0060","Cloris","Powelee","cpowelee1n@phpbb.com","166-709-7645","30 7th Place","Female","1992-04-02","2018-08-26","J8A 6P3"
"CD0061","Karmen","Burbage","kburbage1o@nps.gov","466-404-4870","08795 Northwestern Street","Female","1974-01-30","2016-01-08","N4N 0B9"
"CD0062","Darnell","Theuss","dtheuss1p@tmall.com","881-329-9432","115 Prairieview Junction","Male","1982-05-06","2016-09-16","E4P 9N4"
"CD0063","Gwendolen","Bullard","gbullard1q@theguardian.com","304-658-6891","1201 Mesta Parkway","Female","2010-07-25","2017-12-02","K2G 4N1"
"CD0064","Nicolais","Boycott","nboycott1r@cnet.com","508-422-9855","2810 Sherman Avenue","Male","2016-12-18","2018-11-03","T9S 9B0"
"CD0065","Winnie","Haslen","whaslen1s@people.com.cn","624-654-5559","5398 Kennedy Center","Female","1997-11-15","2018-07-26","B4V 6T3"
"CD0066","Elijah","Ruperto","eruperto1t@walmart.com","271-444-1535","96 Cherokee Alley","Male","1997-12-30","2017-10-27","K7G 3S6"
"CD0067","Teodoor","MacInerney","tmacinerney1u@vimeo.com","170-166-8868","6013 Schlimgen Crossing","Male","1969-10-02","2018-03-04","B2N 9M1"
"CD0068","Andros","Griffith","agriffith1v@gmpg.org","746-124-1299","9 Mcbride Park","Male","1973-08-29","2019-04-30","H9J 0S4"
"CD0069","Humfried","Bealing","hbealing1w@istockphoto.com","820-593-2521","175 Sheridan Park","Male","1979-06-18","2019-07-09","G9T 8V3"
"CD0070","Merry","Wolford","mwolford1x@washington.edu","364-934-2064","10 Summit Plaza","Male","1999-12-24","2016-12-16","J9V 1X4"
"CD0071","Joey","Christer","jchrister1y@i2i.jp","677-177-5526","0 Lien Way","Female","1975-12-30","2018-02-01","V9X 2M5"
"CD0072","Terencio","Fivey","tfivey1z@jugem.jp","547-928-4066","6168 Mesta Lane","Male","1987-07-15","2020-07-18","T1Y 5H2"
"CD0073","Elwira","Tombleson","etombleson20@squarespace.com","547-129-9284","02543 Pawling Park","Female","1999-08-05","2016-12-12","N4W 3K2"
"CD0074","Felice","Serfati","fserfati21@dot.gov","420-104-1890","5 Armistice Way","Female","2013-03-15","2020-03-23","A5A 3H6"
"CD0075","Tommi","Mainds","tmainds22@ca.gov","367-872-7452","60864 Sugar Alley","Female","2013-07-24","2016-11-02","K4K 5M2"
"CD0076","Tomasina","Knatt","tknatt23@list-manage.com","156-265-6381","14153 Briar Crest Pass","Female","2007-03-31","2016-12-12","K7C 5B3"
"CD0077","Blanca","Osbaldeston","bosbaldeston24@answers.com","579-914-5506","65 Stone Corner Center","Female","1979-06-26","2018-08-16","K7R 6N2"
"CD0078","Aldwin","Battams","abattams25@artisteer.com","393-942-6948","5245 Cody Place","Male","1992-06-01","2020-05-15","E6J 3E1"
"CD0079","Andriana","Sowrey","asowrey26@amazonaws.com","314-218-3687","80 Anzinger Drive","Female","1995-04-06","2018-04-05","B2G 4R5"
"CD0080","Ardyth","Sprigin","asprigin27@prweb.com","543-522-8613","152 Michigan Park","Female","1977-07-07","2017-04-15","G0Y 6L4"
"CD0081","Salvatore","Zeale","szeale28@icq.com","620-474-4361","4 New Castle Crossing","Male","1998-02-06","2016-01-13","A1V 9Y0"
"CD0082","Heidi","Kinforth","hkinforth29@google.co.jp","252-764-3622","1680 Mockingbird Junction","Female","1975-10-23","2019-08-28","P9A 6Y6"
"CD0083","Colver","Jira","cjira2a@harvard.edu","921-737-1976","635 Sycamore Crossing","Male","1976-09-07","2018-04-18","L0N 0T9"
"CD0084","Carmella","Loadsman","cloadsman2b@bigcartel.com","650-676-7823","6239 Cambridge Drive","Female","1977-11-07","2016-03-05","V9C 9P3"
"CD0085","Killian","Drever","kdrever2c@senate.gov","619-771-0291","285 Holy Cross Trail","Male","1987-06-15","2020-06-16","S2V 9M1"
"CD0086","Niall","Challiss","nchalliss2d@wix.com","120-598-5869","36342 Sugar Terrace","Male","1990-12-22","2016-05-27","B0P 0L9"
"CD0087","Moses","Burnup","mburnup2e@epa.gov","144-865-7856","8 Marcy Drive","Male","1986-02-24","2017-12-17","H7X 4K6"
"CD0088","Shellie","Norrey","snorrey2f@scribd.com","915-404-9374","6 Golf Course Lane","Female","1996-08-23","2017-09-20","S9V 4H2"
"CD0089","Mathian","Tithecote","mtithecote2g@wsj.com","199-252-4318","97199 Huxley Road","Male","2019-03-29","2019-12-17","B0T 7V3"
"CD0090","Albertina","Darwen","adarwen2h@scribd.com","481-414-4155","9932 Chive Crossing","Female","2017-09-16","2020-02-19","G5A 9K3"
"CD0091","Candie","Brigdale","cbrigdale2i@cdc.gov","499-597-3865","22821 Mockingbird Court","Female","1995-01-28","2016-05-28","T1Y 1G9"
"CD0092","Berta","Drewery","bdrewery2j@networksolutions.com","828-331-0757","573 Sachtjen Terrace","Female","2012-08-09","2020-04-21","L9P 0E0"
"CD0093","Mariska","Bruneau","mbruneau2k@usda.gov","696-813-3066","743 Warrior Road","Female","1970-02-17","2019-09-11","N4N 2P3"
"CD0094","Klement","Elvish","kelvish2l@japanpost.jp","883-291-6967","82406 Moulton Pass","Male","1970-08-07","2020-03-25","H4C 2K2"
"CD0095","Nance","O'Growgane","nogrowgane2m@spotify.com","695-263-4133","1130 Brickson Park Drive","Female","2015-11-23","2017-02-14","J0H 5P4"
"CD0096","Jeannine","Kubalek","jkubalek2n@tripadvisor.com","809-102-3004","222 Graedel Court","Female","1966-01-05","2019-02-13","P9N 1S3"
"CD0097","Oliy","Hotchkin","ohotchkin2o@wix.com","508-122-4097","859 Sunbrook Road","Female","1968-03-09","2020-03-06","P5A 5P5"
"CD0098","Michelle","Tirrell","mtirrell2p@amazon.co.uk","950-509-0235","0 Fremont Street","Female","1977-04-09","2019-04-11","G3G 3C9"
"CD0099","Dode","Koopman","dkoopman2q@sogou.com","725-395-4994","2 Truax Street","Female","2005-02-09","2019-09-25","V3A 1P0"
"CD0100","Loella","Kintzel","lkintzel2r@tinyurl.com","293-747-5156","78060 Main Trail","Female","2013-07-17","2019-08-01","S9V 9E8"
"CD0101","Tricia","Dibsdale","tdibsdale2s@accuweather.com","154-665-7565","14 Gerald Circle","Female","2013-12-29","2019-12-17","H1V 3E4"
"CD0102","Ignazio","Fairfoull","ifairfoull2t@archive.org","670-785-8531","9071 Comanche Trail","Male","1984-03-16","2017-05-07","A2A 6J5"
"CD0103","Addie","Garratty","agarratty2u@1688.com","836-899-0440","521 Laurel Park","Female","1979-06-27","2016-12-04","J0G 5X0"
"CD0104","Berny","Skittrell","bskittrell2v@dailymotion.com","106-658-9331","6 Pawling Alley","Female","2015-04-12","2019-06-21","P5E 9K4"
"CD0105","Pansy","Costelloe","pcostelloe2w@slate.com","721-659-1269","31 Esch Way","Female","2000-08-10","2016-10-23","P1H 0M9"
"CD0106","Violetta","Blindmann","vblindmann2x@sciencedirect.com","597-137-2505","313 Springview Parkway","Female","1989-07-26","2017-09-12","G1Y 8L5"
"CD0107","Renell","Weinmann","rweinmann2y@smugmug.com","829-962-2897","4090 Eliot Street","Female","1994-09-12","2017-10-30","N0R 0Y9"
"CD0108","Karlie","Gallafant","kgallafant2z@hao123.com","961-479-6485","79 Susan Court","Female","2001-07-21","2020-01-29","V1G 7T8"
"CD0109","Isabelle","Nock","inock30@homestead.com","531-263-7951","93474 Waxwing Avenue","Female","1982-05-31","2019-07-04","P5A 9P3"
"CD0110","Emmy","Gisburne","egisburne31@china.com.cn","733-798-5656","35 Susan Way","Male","2004-03-15","2017-02-28","E4V 0V0"
"CD0111","Terese","Kiffin","tkiffin32@dyndns.org","524-813-2292","678 Meadow Valley Point","Female","2017-02-15","2019-05-13","H4E 8L5"
"CD0112","Gael","Trenouth","gtrenouth33@feedburner.com","285-730-0709","3 Anderson Center","Female","2011-12-12","2018-05-10","V9P 3L5"
"CD0113","Elora","Cuss","ecuss34@w3.org","772-939-7944","5191 Roth Lane","Female","1988-12-04","2016-01-19","J7M 5M9"
"CD0114","Doreen","Barthelme","dbarthelme35@yahoo.co.jp","931-963-8034","4102 Golf Circle","Female","2002-08-19","2016-10-17","E7E 5B5"
"CD0115","Harp","Elnor","helnor36@irs.gov","625-809-1067","530 Summer Ridge Alley","Male","1981-03-30","2016-02-15","L7E 6N9"
"CD0116","Harrie","Rantoul","hrantoul37@nature.com","853-476-2315","63 Crowley Parkway","Female","1999-05-27","2017-05-10","J8G 8T1"
"CD0117","Marge","Officer","mofficer38@craigslist.org","919-715-9032","97830 Pine View Center","Female","1965-03-17","2016-11-07","G3L 1X2"
"CD0118","Lilian","Yatman","lyatman39@nsw.gov.au","154-914-6852","4 Hollow Ridge Parkway","Female","1972-03-10","2016-11-24","L8E 9N5"
"CD0119","Helaina","Biddles","hbiddles3a@archive.org","735-233-9854","5 Division Trail","Female","2006-06-23","2016-11-30","A8A 5L6"
"CD0120","Jamaal","Curtis","jcurtis3b@economist.com","691-865-7352","78049 Menomonie Plaza","Male","1987-04-25","2018-05-11","E5G 7A8"
"CD0121","Jeanna","Kordt","jkordt3c@arstechnica.com","843-807-2689","391 Tomscot Plaza","Female","2015-11-20","2016-05-11","G8J 7R1"
"CD0122","Breena","Haruard","bharuard3d@psu.edu","206-532-9226","4943 Carioca Road","Female","2015-11-12","2018-01-13","G6B 6K5"
"CD0123","Lanie","Tilne","ltilne3e@topsy.com","676-320-0778","5 Pearson Junction","Female","1971-11-16","2016-12-02","V9B 9L4"
"CD0124","Akim","Preddle","apreddle3f@amazon.co.uk","618-390-9266","12515 Hanson Court","Male","1966-12-03","2019-01-17","E9G 6C9"
"CD0125","Donn","Kemme","dkemme3g@people.com.cn","796-872-7343","092 Golf Drive","Male","1998-10-22","2020-01-29","L0N 4V1"
"CD0126","Alfonso","Gurnell","agurnell3h@fastcompany.com","484-834-1619","32 Northport Trail","Male","2000-06-21","2018-03-04","E8C 9M8"
"CD0127","Anders","Wake","awake3i@i2i.jp","248-125-5551","58981 Hallows Pass","Male","1993-05-03","2017-12-03","J5A 5A0"
"CD0128","Risa","Hanham","rhanham3j@feedburner.com","776-912-6086","892 Mayfield Avenue","Female","1989-03-03","2020-07-04","V9C 5S7"
"CD0129","Nicolas","Lievesley","nlievesley3k@smh.com.au","456-690-3808","69084 Orin Circle","Male","1981-10-25","2016-12-04","V9L 9X1"
"CD0130","Gael","Hesser","ghesser3l@4shared.com","820-825-0999","3005 Nancy Crossing","Female","1988-04-15","2019-03-10","H5A 2X1"
"CD0131","Bartholemy","Saice","bsaice3m@soup.io","616-190-4809","4142 Vermont Circle","Male","1990-09-20","2017-12-10","T9W 0V0"
"CD0132","Amelia","Kohring","akohring3n@ihg.com","848-583-6285","9 Village Court","Female","1998-12-07","2016-07-20","J3T 3H8"
"CD0133","Willi","Oram","woram3o@fastcompany.com","617-398-2057","5 Pearson Road","Female","1995-04-07","2019-04-13","H3X 8M1"
"CD0134","Erl","Faithfull","efaithfull3p@nasa.gov","458-973-2707","191 Moose Junction","Male","2013-02-27","2018-09-14","T1W 0N9"
"CD0135","Dyane","Kells","dkells3q@storify.com","173-523-3991","3 Cambridge Hill","Female","2016-11-10","2016-03-09","V2G 2E9"
"CD0136","Alexei","Bastian","abastian3r@sakura.ne.jp","382-798-6403","10 Ridgeway Hill","Male","2017-09-14","2017-09-03","E7J 8T5"
"CD0137","Trix","Sannes","tsannes3s@cornell.edu","936-577-6463","21 Darwin Center","Female","1971-02-20","2020-03-22","J3V 5Y3"
"CD0138","Dedie","Colleck","dcolleck3t@fema.gov","643-375-6836","50394 Buena Vista Way","Female","2000-04-26","2019-10-24","V2A 5L6"
"CD0139","Georgeanne","Epelett","gepelett3u@chicagotribune.com","843-910-0666","90 Artisan Parkway","Female","2004-02-07","2016-04-09","N4W 1R4"
"CD0140","Cinnamon","Bruneton","cbruneton3v@irs.gov","425-182-5792","7042 Harbort Pass","Female","1966-02-16","2017-01-29","G6G 4V2"
"CD0141","Valery","Tytler","vtytler3w@theatlantic.com","549-984-6528","230 Brown Parkway","Female","2008-12-02","2017-08-13","N8N 7E5"
"CD0142","Gwenni","Prester","gprester3x@meetup.com","404-677-4604","34521 Heffernan Plaza","Female","1976-02-08","2019-07-07","V1C 0C6"
"CD0143","Marlon","McGauhy","mmcgauhy3y@blogtalkradio.com","120-781-9770","8 Amoth Crossing","Male","1999-12-20","2016-03-15","K6A 9X1"
"CD0144","Tate","Heims","theims3z@newyorker.com","938-325-0571","46433 Grim Point","Male","1988-10-12","2018-07-04","H5B 2C2"
"CD0145","Olly","Bourley","obourley40@trellian.com","212-582-9506","6391 Burrows Avenue","Female","1985-02-06","2016-07-31","C0A 5R6"
"CD0146","Mano","Colam","mcolam41@washingtonpost.com","259-953-6895","8 Bluestem Street","Male","1984-03-16","2016-06-18","V0X 5E2"
"CD0147","Filippo","Tosdevin","ftosdevin42@dailymail.co.uk","558-260-2369","9301 Artisan Way","Male","1983-11-15","2017-01-11","G0Y 7Y1"
"CD0148","Lianne","Parkhouse","lparkhouse43@addthis.com","485-619-7555","4 Emmet Court","Female","1985-01-24","2018-10-24","E5R 0S0"
"CD0149","Xenos","Birtonshaw","xbirtonshaw44@usnews.com","301-243-1070","6 Mallory Crossing","Male","1999-04-01","2018-02-21","B2G 0E2"
"CD0150","Ernestine","Duthy","eduthy45@usa.gov","473-563-5404","49 Sutherland Street","Female","1984-08-24","2020-01-17","V8B 6X0"
